gear,yearcap,FishID,YearClass,Age,Increment,Year
E,1988,1,1987,1,1.90606,1987
E,1988,2,1987,1,1.87707,1987
E,1988,3,1987,1,1.09227,1987
E,1988,4,1987,1,1.31848,1987
E,1988,5,1987,1,1.59283,1987
E,1988,6,1987,1,1.91602,1987
E,1989,7,1988,1,1.05423,1988
E,1990,8,1989,1,1.51076,1989
E,1990,9,1989,1,1.57989,1989
E,1990,10,1989,1,1.48721,1989
T,1988,11,1987,1,1.20489,1987
T,1988,12,1987,1,1.35003,1987
T,1988,13,1987,1,1.52934,1987
T,1988,14,1987,1,0.99393,1987
T,1988,15,1987,1,1.63006,1987
T,1988,16,1987,1,1.66157,1987
T,1988,17,1987,1,1.79928,1987
T,1988,18,1987,1,1.58267,1987
T,1988,19,1987,1,2.53269,1987
T,1988,20,1987,1,2.01174,1987
T,1988,21,1987,1,1.94824,1987
T,1988,22,1987,1,1.26905,1987
T,1988,23,1987,1,1.34608,1987
T,1989,24,1988,1,1.44449,1988
T,1989,25,1988,1,1.33048,1988
T,1989,26,1988,1,1.37313,1988
T,1989,27,1988,1,1.25047,1988
T,1989,28,1988,1,1.19003,1988
T,1989,29,1988,1,1.23172,1988
T,1989,30,1988,1,1.40594,1988
T,1989,31,1988,1,1.45421,1988
T,1989,32,1988,1,1.65427,1988
T,1989,33,1988,1,1.62437,1988
T,1989,34,1988,1,1.31994,1988
T,1989,35,1988,1,1.4545,1988
T,1989,36,1988,1,1.89971,1988
T,1989,37,1988,1,1.84973,1988
T,1989,38,1988,1,1.76496,1988
E,1988,39,1986,1,1.63791,1986
E,1988,39,1986,2,2.09626,1987
E,1989,40,1987,1,1.00457,1987
E,1989,40,1987,2,1.45419,1988
E,1989,41,1987,1,1.10579,1987
E,1989,41,1987,2,1.26326,1988
E,1989,42,1987,1,1.19847,1987
E,1989,42,1987,2,1.19664,1988
E,1989,43,1987,1,1.56483,1987
E,1989,43,1987,2,1.99277,1988
E,1989,44,1987,1,1.4006,1987
E,1989,44,1987,2,1.79357,1988
E,1989,45,1987,1,1.27705,1987
E,1989,45,1987,2,1.62602,1988
E,1989,46,1987,1,1.30234,1987
E,1989,46,1987,2,1.33006,1988
E,1989,47,1987,1,1.29034,1987
E,1989,47,1987,2,1.46446,1988
E,1989,48,1987,1,0.92937,1987
E,1989,48,1987,2,1.17862,1988
E,1989,49,1987,1,1.0949,1987
E,1989,49,1987,2,1.34087,1988
E,1989,50,1987,1,1.29335,1987
E,1989,50,1987,2,1.45287,1988
E,1989,51,1987,1,0.92176,1987
E,1989,51,1987,2,1.10227,1988
E,1989,52,1987,1,1.42013,1987
E,1989,52,1987,2,1.50333,1988
E,1989,53,1987,1,0.87765,1987
E,1989,53,1987,2,0.74074,1988
E,1989,54,1987,1,1.27806,1987
E,1989,54,1987,2,1.14186,1988
E,1989,55,1987,1,1.19891,1987
E,1989,55,1987,2,1.13664,1988
E,1989,56,1987,1,1.20274,1987
E,1989,56,1987,2,1.54193,1988
E,1989,57,1987,1,1.11986,1987
E,1989,57,1987,2,1.34255,1988
E,1989,58,1987,1,1.35117,1987
E,1989,58,1987,2,1.09067,1988
E,1989,59,1987,1,0.94646,1987
E,1989,59,1987,2,1.03423,1988
E,1989,60,1987,1,0.9953,1987
E,1989,60,1987,2,1.46154,1988
E,1989,61,1987,1,1.01493,1987
E,1989,61,1987,2,1.36717,1988
E,1989,62,1987,1,1.25022,1987
E,1989,62,1987,2,1.51363,1988
E,1989,63,1987,1,1.55486,1987
E,1989,63,1987,2,1.17921,1988
E,1989,64,1987,1,1.26442,1987
E,1989,64,1987,2,1.34914,1988
E,1990,65,1988,1,1.60554,1988
E,1990,65,1988,2,1.13042,1989
E,1990,66,1988,1,1.59628,1988
E,1990,66,1988,2,1.45875,1989
E,1990,67,1988,1,1.32061,1988
E,1990,67,1988,2,1.12853,1989
E,1990,68,1988,1,1.6858,1988
E,1990,68,1988,2,1.4381,1989
E,1990,69,1988,1,1.4181,1988
E,1990,69,1988,2,1.27072,1989
E,1990,70,1988,1,1.45289,1988
E,1990,70,1988,2,1.21665,1989
E,1990,71,1988,1,1.23863,1988
E,1990,71,1988,2,1.29143,1989
E,1990,72,1988,1,1.04543,1988
E,1990,72,1988,2,1.12277,1989
E,1990,73,1988,1,1.55956,1988
E,1990,73,1988,2,1.05799,1989
E,1990,74,1988,1,1.61636,1988
E,1990,74,1988,2,1.34665,1989
E,1990,75,1988,1,1.56733,1988
E,1990,75,1988,2,1.29566,1989
E,1990,76,1988,1,1.56882,1988
E,1990,76,1988,2,1.43481,1989
E,1990,77,1988,1,1.61589,1988
E,1990,77,1988,2,1.31082,1989
E,1990,78,1988,1,1.71706,1988
E,1990,78,1988,2,1.78433,1989
E,1990,79,1988,1,1.68153,1988
E,1990,79,1988,2,1.50511,1989
E,1990,80,1988,1,1.38177,1988
E,1990,80,1988,2,1.51129,1989
E,1990,81,1988,1,1.44159,1988
E,1990,81,1988,2,0.90046,1989
E,1990,82,1988,1,1.21677,1988
E,1990,82,1988,2,1.02614,1989
E,1990,83,1988,1,1.49634,1988
E,1990,83,1988,2,1.06194,1989
E,1990,84,1988,1,1.33518,1988
E,1990,84,1988,2,1.42751,1989
E,1990,85,1988,1,1.33616,1988
E,1990,85,1988,2,1.21411,1989
E,1990,86,1988,1,1.35152,1988
E,1990,86,1988,2,1.47957,1989
E,1990,87,1988,1,1.50244,1988
E,1990,87,1988,2,1.19135,1989
T,1988,88,1986,1,0.7087,1986
T,1988,88,1986,2,1.75487,1987
T,1989,89,1987,1,1.48091,1987
T,1989,89,1987,2,1.52422,1988
T,1989,90,1987,1,1.38075,1987
T,1989,90,1987,2,1.22186,1988
T,1989,91,1987,1,0.94241,1987
T,1989,91,1987,2,1.45061,1988
T,1989,92,1987,1,0.96917,1987
T,1989,92,1987,2,1.0252,1988
T,1989,93,1987,1,0.93286,1987
T,1989,93,1987,2,1.06748,1988
T,1989,94,1987,1,0.90209,1987
T,1989,94,1987,2,1.48322,1988
T,1989,95,1987,1,1.50631,1987
T,1989,95,1987,2,1.69211,1988
T,1989,96,1987,1,1.36402,1987
T,1989,96,1987,2,1.47697,1988
T,1989,97,1987,1,1.16215,1987
T,1989,97,1987,2,1.23198,1988
T,1989,98,1987,1,1.19331,1987
T,1989,98,1987,2,0.94073,1988
T,1989,99,1987,1,0.97789,1987
T,1989,99,1987,2,1.16485,1988
T,1989,100,1987,1,1.39705,1987
T,1989,100,1987,2,1.29242,1988
T,1989,101,1987,1,1.30294,1987
T,1989,101,1987,2,1.78363,1988
T,1989,102,1987,1,1.33285,1987
T,1989,102,1987,2,1.58757,1988
T,1989,103,1987,1,1.04013,1987
T,1989,103,1987,2,1.93802,1988
T,1989,104,1987,1,1.59163,1987
T,1989,104,1987,2,1.57026,1988
T,1989,105,1987,1,1.11051,1987
T,1989,105,1987,2,1.55565,1988
T,1989,106,1987,1,1.44628,1987
T,1989,106,1987,2,1.60944,1988
T,1989,107,1987,1,1.2286,1987
T,1989,107,1987,2,1.39548,1988
T,1989,108,1987,1,1.66674,1987
T,1989,108,1987,2,2.06964,1988
T,1989,109,1987,1,1.64582,1987
T,1989,109,1987,2,2.49266,1988
T,1989,110,1987,1,1.06293,1987
T,1989,110,1987,2,1.57266,1988
E,1989,111,1986,1,0.95664,1986
E,1989,111,1986,2,1.50959,1987
E,1989,111,1986,3,1.46387,1988
E,1989,112,1986,1,0.99843,1986
E,1989,112,1986,2,1.49132,1987
E,1989,112,1986,3,1.06705,1988
E,1989,113,1986,1,1.10572,1986
E,1989,113,1986,2,1.48575,1987
E,1989,113,1986,3,1.63383,1988
E,1989,114,1986,1,1.19108,1986
E,1989,114,1986,2,1.75802,1987
E,1989,114,1986,3,1.31506,1988
E,1990,115,1987,1,1.09352,1987
E,1990,115,1987,2,1.07698,1988
E,1990,115,1987,3,1.36152,1989
E,1990,116,1987,1,1.10148,1987
E,1990,116,1987,2,1.41498,1988
E,1990,116,1987,3,1.02669,1989
E,1990,117,1987,1,1.08477,1987
E,1990,117,1987,2,0.77965,1988
E,1990,117,1987,3,0.83857,1989
E,1990,118,1987,1,1.00507,1987
E,1990,118,1987,2,1.44819,1988
E,1990,118,1987,3,0.91657,1989
E,1990,119,1987,1,0.92862,1987
E,1990,119,1987,2,1.0698,1988
E,1990,119,1987,3,1.27393,1989
E,1990,120,1987,1,1.24854,1987
E,1990,120,1987,2,1.1422,1988
E,1990,120,1987,3,1.20272,1989
E,1990,121,1987,1,0.95389,1987
E,1990,121,1987,2,0.9842,1988
E,1990,121,1987,3,1.00084,1989
E,1990,122,1987,1,0.95257,1987
E,1990,122,1987,2,1.32996,1988
E,1990,122,1987,3,0.87116,1989
E,1990,123,1987,1,1.0846,1987
E,1990,123,1987,2,1.23823,1988
E,1990,123,1987,3,1.03124,1989
E,1990,124,1987,1,1.10491,1987
E,1990,124,1987,2,0.97789,1988
E,1990,124,1987,3,1.17112,1989
E,1990,125,1987,1,1.09079,1987
E,1990,125,1987,2,1.15849,1988
E,1990,125,1987,3,1.42804,1989
E,1990,126,1987,1,1.25012,1987
E,1990,126,1987,2,0.95778,1988
E,1990,126,1987,3,1.37934,1989
E,1990,127,1987,1,1.09887,1987
E,1990,127,1987,2,1.12654,1988
E,1990,127,1987,3,1.08487,1989
E,1990,128,1987,1,1.21925,1987
E,1990,128,1987,2,1.43524,1988
E,1990,128,1987,3,1.10363,1989
E,1990,129,1987,1,1.28149,1987
E,1990,129,1987,2,1.02378,1988
E,1990,129,1987,3,1.33883,1989
E,1990,130,1987,1,1.13157,1987
E,1990,130,1987,2,1.15697,1988
E,1990,130,1987,3,0.97409,1989
E,1990,131,1987,1,1.16666,1987
E,1990,131,1987,2,0.8995,1988
E,1990,131,1987,3,1.06358,1989
E,1990,132,1987,1,1.02627,1987
E,1990,132,1987,2,0.79494,1988
E,1990,132,1987,3,1.04143,1989
E,1990,133,1987,1,1.01867,1987
E,1990,133,1987,2,1.02243,1988
E,1990,133,1987,3,1.18772,1989
E,1990,134,1987,1,1.05974,1987
E,1990,134,1987,2,1.03915,1988
E,1990,134,1987,3,1.02993,1989
E,1990,135,1987,1,1.16513,1987
E,1990,135,1987,2,0.80895,1988
E,1990,135,1987,3,1.33007,1989
E,1990,136,1987,1,1.13538,1987
E,1990,136,1987,2,1.2878,1988
E,1990,136,1987,3,1.16203,1989
E,1990,137,1987,1,1.35131,1987
E,1990,137,1987,2,1.15567,1988
E,1990,137,1987,3,1.34112,1989
E,1990,138,1987,1,1.14812,1987
E,1990,138,1987,2,1.17989,1988
E,1990,138,1987,3,1.13153,1989
E,1990,139,1987,1,1.15443,1987
E,1990,139,1987,2,1.46579,1988
E,1990,139,1987,3,1.08115,1989
E,1990,140,1987,1,0.84217,1987
E,1990,140,1987,2,1.44675,1988
E,1990,140,1987,3,1.49899,1989
E,1990,141,1987,1,1.35642,1987
E,1990,141,1987,2,1.45157,1988
E,1990,141,1987,3,1.02233,1989
E,1990,142,1987,1,1.11139,1987
E,1990,142,1987,2,1.27121,1988
E,1990,142,1987,3,1.23703,1989
E,1990,143,1987,1,1.28796,1987
E,1990,143,1987,2,1.40596,1988
E,1990,143,1987,3,1.13804,1989
E,1990,144,1987,1,0.91717,1987
E,1990,144,1987,2,1.14861,1988
E,1990,144,1987,3,1.44209,1989
E,1990,145,1987,1,1.7379,1987
E,1990,145,1987,2,1.39491,1988
E,1990,145,1987,3,1.35833,1989
E,1990,146,1987,1,1.50148,1987
E,1990,146,1987,2,1.43184,1988
E,1990,146,1987,3,1.05912,1989
E,1990,147,1987,1,1.61583,1987
E,1990,147,1987,2,1.40891,1988
E,1990,147,1987,3,1.26915,1989
E,1990,148,1987,1,1.17892,1987
E,1990,148,1987,2,0.95421,1988
E,1990,148,1987,3,1.3837,1989
E,1990,149,1987,1,0.98171,1987
E,1990,149,1987,2,1.15985,1988
E,1990,149,1987,3,1.54406,1989
E,1990,150,1987,1,1.19776,1987
E,1990,150,1987,2,1.12133,1988
E,1990,150,1987,3,1.43885,1989
E,1990,151,1987,1,1.22938,1987
E,1990,151,1987,2,1.40207,1988
E,1990,151,1987,3,1.22684,1989
E,1990,152,1987,1,0.99957,1987
E,1990,152,1987,2,1.62685,1988
E,1990,152,1987,3,1.40588,1989
E,1990,153,1987,1,1.25349,1987
E,1990,153,1987,2,1.4529,1988
E,1990,153,1987,3,1.32205,1989
E,1990,154,1987,1,1.19546,1987
E,1990,154,1987,2,1.3018,1988
E,1990,154,1987,3,1.2894,1989
E,1990,155,1987,1,0.96521,1987
E,1990,155,1987,2,1.53292,1988
E,1990,155,1987,3,1.53047,1989
E,1990,156,1987,1,1.42507,1987
E,1990,156,1987,2,1.49239,1988
E,1990,156,1987,3,1.67186,1989
E,1990,157,1987,1,1.31389,1987
E,1990,157,1987,2,1.4444,1988
E,1990,157,1987,3,1.40137,1989
E,1990,158,1987,1,1.43684,1987
E,1990,158,1987,2,1.16128,1988
E,1990,158,1987,3,1.44844,1989
E,1990,159,1987,1,1.33755,1987
E,1990,159,1987,2,1.57429,1988
E,1990,159,1987,3,1.8118,1989
E,1990,160,1987,1,1.41907,1987
E,1990,160,1987,2,1.40504,1988
E,1990,160,1987,3,1.2437,1989
E,1990,161,1987,1,1.19153,1987
E,1990,161,1987,2,1.27083,1988
E,1990,161,1987,3,1.37463,1989
E,1990,162,1987,1,1.3685,1987
E,1990,162,1987,2,1.46197,1988
E,1990,162,1987,3,1.40376,1989
E,1990,163,1987,1,1.20873,1987
E,1990,163,1987,2,1.28552,1988
E,1990,163,1987,3,1.39689,1989
E,1990,164,1987,1,1.3653,1987
E,1990,164,1987,2,1.26108,1988
E,1990,164,1987,3,1.13673,1989
E,1990,165,1987,1,1.20333,1987
E,1990,165,1987,2,1.3378,1988
E,1990,165,1987,3,1.47485,1989
E,1990,166,1987,1,1.46875,1987
E,1990,166,1987,2,1.48519,1988
E,1990,166,1987,3,0.90878,1989
E,1990,167,1987,1,1.55124,1987
E,1990,167,1987,2,1.15497,1988
E,1990,167,1987,3,0.99453,1989
E,1990,168,1987,1,1.54186,1987
E,1990,168,1987,2,0.90038,1988
E,1990,168,1987,3,1.3488,1989
E,1990,169,1987,1,1.12464,1987
E,1990,169,1987,2,1.22181,1988
E,1990,169,1987,3,1.34934,1989
E,1990,170,1987,1,1.24885,1987
E,1990,170,1987,2,1.55761,1988
E,1990,170,1987,3,1.55723,1989
E,1990,171,1987,1,1.23199,1987
E,1990,171,1987,2,1.20155,1988
E,1990,171,1987,3,1.27663,1989
E,1990,172,1987,1,1.40986,1987
E,1990,172,1987,2,1.33843,1988
E,1990,172,1987,3,0.80393,1989
E,1990,173,1987,1,1.48878,1987
E,1990,173,1987,2,1.58873,1988
E,1990,173,1987,3,1.22928,1989
E,1990,174,1987,1,1.52104,1987
E,1990,174,1987,2,1.07532,1988
E,1990,174,1987,3,1.72667,1989
E,1990,175,1987,1,1.46016,1987
E,1990,175,1987,2,1.56981,1988
E,1990,175,1987,3,1.24705,1989
E,1990,176,1987,1,1.15064,1987
E,1990,176,1987,2,1.20653,1988
E,1990,176,1987,3,1.40358,1989
E,1990,177,1987,1,1.35051,1987
E,1990,177,1987,2,1.81378,1988
E,1990,177,1987,3,1.5335,1989
E,1990,178,1987,1,1.63068,1987
E,1990,178,1987,2,1.33112,1988
E,1990,178,1987,3,0.99951,1989
E,1990,179,1987,1,1.10536,1987
E,1990,179,1987,2,1.49044,1988
E,1990,179,1987,3,1.63913,1989
E,1990,180,1987,1,1.49738,1987
E,1990,180,1987,2,1.53539,1988
E,1990,180,1987,3,1.57607,1989
E,1990,181,1987,1,1.87452,1987
E,1990,181,1987,2,0.98071,1988
E,1990,181,1987,3,1.65908,1989
E,1990,182,1987,1,1.48533,1987
E,1990,182,1987,2,1.67194,1988
E,1990,182,1987,3,1.69357,1989
E,1990,183,1987,1,1.33266,1987
E,1990,183,1987,2,1.51769,1988
E,1990,183,1987,3,1.82226,1989
E,1990,184,1987,1,1.28973,1987
E,1990,184,1987,2,0.93883,1988
E,1990,184,1987,3,1.13495,1989
E,1990,185,1987,1,1.6942,1987
E,1990,185,1987,2,1.6572,1988
E,1990,185,1987,3,1.40968,1989
E,1990,186,1987,1,1.58108,1987
E,1990,186,1987,2,1.11974,1988
E,1990,186,1987,3,1.47371,1989
E,1990,187,1987,1,1.19038,1987
E,1990,187,1987,2,1.42224,1988
E,1990,187,1987,3,1.26646,1989
E,1990,188,1987,1,1.48717,1987
E,1990,188,1987,2,1.90252,1988
E,1990,188,1987,3,1.01343,1989
E,1990,189,1987,1,1.29668,1987
E,1990,189,1987,2,1.53454,1988
E,1990,189,1987,3,1.56469,1989
E,1990,190,1987,1,1.6059,1987
E,1990,190,1987,2,1.2261,1988
E,1990,190,1987,3,1.83246,1989
E,1990,191,1987,1,1.25431,1987
E,1990,191,1987,2,1.19432,1988
E,1990,191,1987,3,1.67266,1989
E,1990,192,1987,1,1.55229,1987
E,1990,192,1987,2,1.41877,1988
E,1990,192,1987,3,1.902,1989
E,1990,193,1987,1,1.33991,1987
E,1990,193,1987,2,1.24647,1988
E,1990,193,1987,3,1.69597,1989
E,1990,194,1987,1,1.79344,1987
E,1990,194,1987,2,1.21493,1988
E,1990,194,1987,3,1.3567,1989
E,1990,195,1987,1,1.75751,1987
E,1990,195,1987,2,1.54831,1988
E,1990,195,1987,3,1.40849,1989
E,1990,196,1987,1,1.84029,1987
E,1990,196,1987,2,1.87167,1988
E,1990,196,1987,3,1.30001,1989
E,1990,197,1987,1,1.80978,1987
E,1990,197,1987,2,1.6298,1988
E,1990,197,1987,3,1.6933,1989
E,1990,198,1987,1,1.90891,1987
E,1990,198,1987,2,2.12348,1988
E,1990,198,1987,3,1.85932,1989
T,1988,199,1985,1,2.11282,1985
T,1988,199,1985,2,0.5985,1986
T,1988,199,1985,3,0.6519,1987
T,1989,200,1986,1,1.27002,1986
T,1989,200,1986,2,1.5151,1987
T,1989,200,1986,3,0.98553,1988
T,1989,201,1986,1,1.04722,1986
T,1989,201,1986,2,1.60202,1987
T,1989,201,1986,3,1.5246,1988
T,1989,202,1986,1,1.17742,1986
T,1989,202,1986,2,1.95604,1987
T,1989,202,1986,3,1.71596,1988
T,1989,203,1986,1,1.447,1986
T,1989,203,1986,2,1.799,1987
T,1989,203,1986,3,2.81469,1988
T,1989,204,1986,1,1.38835,1986
T,1989,204,1986,2,2.47994,1987
T,1989,204,1986,3,2.96055,1988
E,1988,205,1984,1,1.47068,1984
E,1988,205,1984,2,1.31838,1985
E,1988,205,1984,3,1.29157,1986
E,1988,205,1984,4,1.26269,1987
E,1990,206,1986,1,0.97275,1986
E,1990,206,1986,2,1.50536,1987
E,1990,206,1986,3,1.15578,1988
E,1990,206,1986,4,0.80246,1989
E,1990,207,1986,1,1.14969,1986
E,1990,207,1986,2,1.89646,1987
E,1990,207,1986,3,1.57697,1988
E,1990,207,1986,4,1.39249,1989
E,1990,208,1986,1,1.00736,1986
E,1990,208,1986,2,1.35208,1987
E,1990,208,1986,3,0.9957,1988
E,1990,208,1986,4,0.9217,1989
E,1990,209,1986,1,1.07983,1986
E,1990,209,1986,2,1.57415,1987
E,1990,209,1986,3,1.3291,1988
E,1990,209,1986,4,1.17748,1989
E,1990,210,1986,1,1.26288,1986
E,1990,210,1986,2,2.40181,1987
E,1990,210,1986,3,1.28623,1988
E,1990,210,1986,4,1.25611,1989
E,1990,211,1986,1,0.88602,1986
E,1990,211,1986,2,1.84071,1987
E,1990,211,1986,3,0.89791,1988
E,1990,211,1986,4,1.78569,1989
E,1990,212,1986,1,1.16068,1986
E,1990,212,1986,2,2.33736,1987
E,1990,212,1986,3,2.94482,1988
E,1990,212,1986,4,1.00103,1989
T,1988,213,1984,1,1.96911,1984
T,1988,213,1984,2,1.08695,1985
T,1988,213,1984,3,0.86481,1986
T,1988,213,1984,4,1.33105,1987
T,1988,214,1984,1,0.92719,1984
T,1988,214,1984,2,1.16846,1985
T,1988,214,1984,3,1.56215,1986
T,1988,214,1984,4,2.13352,1987
T,1988,215,1984,1,1.40276,1984
T,1988,215,1984,2,2.60217,1985
T,1988,215,1984,3,1.84286,1986
T,1988,215,1984,4,2.59221,1987
T,1988,216,1984,1,1.41376,1984
T,1988,216,1984,2,1.0326,1985
T,1988,216,1984,3,0.78716,1986
T,1988,216,1984,4,0.89937,1987
T,1988,217,1984,1,1.74217,1984
T,1988,217,1984,2,1.38317,1985
T,1988,217,1984,3,1.29298,1986
T,1988,217,1984,4,1.26636,1987
T,1988,218,1984,1,1.96719,1984
T,1988,218,1984,2,1.47235,1985
T,1988,218,1984,3,1.43714,1986
T,1988,218,1984,4,1.76148,1987
T,1988,219,1984,1,2.71958,1984
T,1988,219,1984,2,0.70436,1985
T,1988,219,1984,3,1.14151,1986
T,1988,219,1984,4,0.845479999999999,1987
E,1988,220,1983,1,1.01155,1983
E,1988,220,1983,2,1.50936,1984
E,1988,220,1983,3,0.89794,1985
E,1988,220,1983,4,1.27453,1986
E,1988,220,1983,5,1.43935,1987
E,1988,221,1983,1,1.24045,1983
E,1988,221,1983,2,1.12843,1984
E,1988,221,1983,3,1.01323,1985
E,1988,221,1983,4,1.48603,1986
E,1988,221,1983,5,1.24404,1987
E,1988,222,1983,1,1.74365,1983
E,1988,222,1983,2,1.36702,1984
E,1988,222,1983,3,1.09447,1985
E,1988,222,1983,4,1.38807,1986
E,1988,222,1983,5,1.79309,1987
E,1988,223,1983,1,0.93187,1983
E,1988,223,1983,2,1.78231,1984
E,1988,223,1983,3,1.22487,1985
E,1988,223,1983,4,1.3692,1986
E,1988,223,1983,5,1.37021,1987
E,1988,224,1983,1,1.81894,1983
E,1988,224,1983,2,2.15882,1984
E,1988,224,1983,3,1.37714,1985
E,1988,224,1983,4,1.28127,1986
E,1988,224,1983,5,1.12352,1987
E,1988,225,1983,1,1.30835,1983
E,1988,225,1983,2,1.69876,1984
E,1988,225,1983,3,1.19431,1985
E,1988,225,1983,4,1.42571,1986
E,1988,225,1983,5,1.90791,1987
E,1988,226,1983,1,1.68724,1983
E,1988,226,1983,2,2.24018,1984
E,1988,226,1983,3,1.20817,1985
E,1988,226,1983,4,1.15886,1986
E,1988,226,1983,5,1.46176,1987
E,1988,227,1983,1,1.50633,1983
E,1988,227,1983,2,1.16345,1984
E,1988,227,1983,3,0.95951,1985
E,1988,227,1983,4,1.28252,1986
E,1988,227,1983,5,1.30363,1987
E,1988,228,1983,1,2.14122,1983
E,1988,228,1983,2,1.84409,1984
E,1988,228,1983,3,1.44272,1985
E,1988,228,1983,4,1.17853,1986
E,1988,228,1983,5,1.7224,1987
E,1988,229,1983,1,1.15263,1983
E,1988,229,1983,2,1.52418,1984
E,1988,229,1983,3,0.75407,1985
E,1988,229,1983,4,1.3094,1986
E,1988,229,1983,5,1.45076,1987
E,1988,230,1983,1,1.4809,1983
E,1988,230,1983,2,2.03954,1984
E,1988,230,1983,3,1.1456,1985
E,1988,230,1983,4,1.75762,1986
E,1988,230,1983,5,2.3343,1987
E,1988,231,1983,1,1.59212,1983
E,1988,231,1983,2,1.83514,1984
E,1988,231,1983,3,1.13775,1985
E,1988,231,1983,4,1.82102,1986
E,1988,231,1983,5,2.15572,1987
E,1988,232,1983,1,2.1517,1983
E,1988,232,1983,2,1.98768,1984
E,1988,232,1983,3,1.09914,1985
E,1988,232,1983,4,1.47809,1986
E,1988,232,1983,5,1.80804,1987
E,1988,233,1983,1,1.44272,1983
E,1988,233,1983,2,2.05497,1984
E,1988,233,1983,3,1.54662,1985
E,1988,233,1983,4,1.09615,1986
E,1988,233,1983,5,1.75735,1987
E,1988,234,1983,1,1.96649,1983
E,1988,234,1983,2,2.09864,1984
E,1988,234,1983,3,1.43375,1985
E,1988,234,1983,4,1.5783,1986
E,1988,234,1983,5,1.25388,1987
E,1988,235,1983,1,1.60905,1983
E,1988,235,1983,2,1.6721,1984
E,1988,235,1983,3,1.39902,1985
E,1988,235,1983,4,1.40822,1986
E,1988,235,1983,5,1.61633,1987
E,1988,236,1983,1,1.13826,1983
E,1988,236,1983,2,1.89712,1984
E,1988,236,1983,3,1.19547,1985
E,1988,236,1983,4,1.6555,1986
E,1988,236,1983,5,1.83647,1987
E,1988,237,1983,1,1.50295,1983
E,1988,237,1983,2,2.37419,1984
E,1988,237,1983,3,1.34934,1985
E,1988,237,1983,4,2.06934,1986
E,1988,237,1983,5,1.0281,1987
E,1988,238,1983,1,2.32864,1983
E,1988,238,1983,2,2.91757,1984
E,1988,238,1983,3,2.11428,1985
E,1988,238,1983,4,1.80881,1986
E,1988,238,1983,5,1.47776,1987
E,1988,239,1983,1,2.37745,1983
E,1988,239,1983,2,2.08032,1984
E,1988,239,1983,3,1.79355,1985
E,1988,239,1983,4,2.46617,1986
E,1988,239,1983,5,3.61187,1987
E,1988,240,1983,1,2.50731,1983
E,1988,240,1983,2,1.7076,1984
E,1988,240,1983,3,1.60281,1985
E,1988,240,1983,4,1.42239,1986
E,1988,240,1983,5,2.40267,1987
E,1989,241,1984,1,1.38818,1984
E,1989,241,1984,2,0.73416,1985
E,1989,241,1984,3,0.70232,1986
E,1989,241,1984,4,0.72268,1987
E,1989,241,1984,5,0.7941,1988
E,1989,242,1984,1,0.9947,1984
E,1989,242,1984,2,0.89085,1985
E,1989,242,1984,3,1.11376,1986
E,1989,242,1984,4,1.347,1987
E,1989,242,1984,5,0.92162,1988
E,1989,243,1984,1,1.72872,1984
E,1989,243,1984,2,1.18246,1985
E,1989,243,1984,3,1.00388,1986
E,1989,243,1984,4,0.86895,1987
E,1989,243,1984,5,1.04712,1988
T,1988,244,1983,1,2.20176,1983
T,1988,244,1983,2,1.67049,1984
T,1988,244,1983,3,1.59673,1985
T,1988,244,1983,4,1.42807,1986
T,1988,244,1983,5,2.39943,1987
T,1988,245,1983,1,2.36182,1983
T,1988,245,1983,2,2.9096,1984
T,1988,245,1983,3,2.11934,1985
T,1988,245,1983,4,1.80504,1986
T,1988,245,1983,5,1.46377,1987
T,1988,246,1983,1,1.72556,1983
T,1988,246,1983,2,2.5853,1984
T,1988,246,1983,3,1.3675,1985
T,1988,246,1983,4,2.08974,1986
T,1988,246,1983,5,1.05438,1987
T,1988,247,1983,1,1.43712,1983
T,1988,247,1983,2,1.90344,1984
T,1988,247,1983,3,1.21605,1985
T,1988,247,1983,4,1.64189,1986
T,1988,247,1983,5,1.82985,1987
T,1988,248,1983,1,1.64929,1983
T,1988,248,1983,2,2.00127,1984
T,1988,248,1983,3,1.47351,1985
T,1988,248,1983,4,1.47779,1986
T,1988,248,1983,5,1.62407,1987
T,1988,249,1983,1,1.98087,1983
T,1988,249,1983,2,2.09797,1984
T,1988,249,1983,3,1.44673,1985
T,1988,249,1983,4,1.5651,1986
T,1988,249,1983,5,1.24249,1987
T,1988,250,1983,1,2.85038,1983
T,1988,250,1983,2,2.50511,1984
T,1988,250,1983,3,1.61848,1985
T,1988,250,1983,4,1.12275,1986
T,1988,250,1983,5,1.82676,1987
T,1988,251,1983,1,2.40057,1983
T,1988,251,1983,2,1.96915,1984
T,1988,251,1983,3,1.0799,1985
T,1988,251,1983,4,1.48394,1986
T,1988,251,1983,5,1.80773,1987
T,1988,252,1983,1,1.61645,1983
T,1988,252,1983,2,1.823,1984
T,1988,252,1983,3,1.13151,1985
T,1988,252,1983,4,1.82298,1986
T,1988,252,1983,5,2.17324,1987
T,1988,253,1983,1,0.93023,1983
T,1988,253,1983,2,1.93009,1984
T,1988,253,1983,3,1.11155,1985
T,1988,253,1983,4,1.74862,1986
T,1988,253,1983,5,2.313,1987
T,1988,254,1983,1,1.39197,1983
T,1988,254,1983,2,1.74277,1984
T,1988,254,1983,3,0.813,1985
T,1988,254,1983,4,1.32888,1986
T,1988,254,1983,5,1.4691,1987
T,1988,255,1983,1,2.13375,1983
T,1988,255,1983,2,1.86965,1984
T,1988,255,1983,3,1.42605,1985
T,1988,255,1983,4,1.17144,1986
T,1988,255,1983,5,1.71819,1987
T,1988,256,1983,1,1.60508,1983
T,1988,256,1983,2,1.21503,1984
T,1988,256,1983,3,1.00799,1985
T,1988,256,1983,4,1.31697,1986
T,1988,256,1983,5,1.28983,1987
T,1988,257,1983,1,0.74585,1983
T,1988,257,1983,2,2.18518,1984
T,1988,257,1983,3,1.19801,1985
T,1988,257,1983,4,1.14444,1986
T,1988,257,1983,5,1.48078,1987
T,1988,258,1983,1,1.76068,1983
T,1988,258,1983,2,1.89727,1984
T,1988,258,1983,3,1.23814,1985
T,1988,258,1983,4,1.44854,1986
T,1988,258,1983,5,1.93127,1987
T,1988,259,1983,1,2.33735,1983
T,1988,259,1983,2,2.17229,1984
T,1988,259,1983,3,1.38427,1985
T,1988,259,1983,4,1.28295,1986
T,1988,259,1983,5,1.10519,1987
T,1988,260,1983,1,1.905,1983
T,1988,260,1983,2,1.7907,1984
T,1988,260,1983,3,1.23205,1985
T,1988,260,1983,4,1.40975,1986
T,1988,260,1983,5,1.35908,1987
T,1988,261,1983,1,1.38453,1983
T,1988,261,1983,2,1.3714,1984
T,1988,261,1983,3,1.11765,1985
T,1988,261,1983,4,1.35884,1986
T,1988,261,1983,5,1.81609,1987
T,1988,262,1983,1,1.59939,1983
T,1988,262,1983,2,1.7664,1984
T,1988,262,1983,3,1.1109,1985
T,1988,262,1983,4,1.57439,1986
T,1988,262,1983,5,1.27568,1987
T,1988,263,1983,1,1.6726,1983
T,1988,263,1983,2,1.52301,1984
T,1988,263,1983,3,0.87731,1985
T,1988,263,1983,4,1.26895,1986
T,1988,263,1983,5,1.45969,1987
T,1988,264,1983,1,1.52405,1983
T,1988,264,1983,2,2.07014,1984
T,1988,264,1983,3,0.965269999999999,1985
T,1988,264,1983,4,1.35896,1986
T,1988,264,1983,5,1.00327,1987
T,1988,265,1983,1,1.16799,1983
T,1988,265,1983,2,2.24604,1984
T,1988,265,1983,3,1.60017,1985
T,1988,265,1983,4,2.26529,1986
T,1988,265,1983,5,1.49249,1987
T,1988,266,1983,1,1.03931,1983
T,1988,266,1983,2,1.72827,1984
T,1988,266,1983,3,1.62541,1985
T,1988,266,1983,4,1.31914,1986
T,1988,266,1983,5,4.01406,1987
T,1988,267,1983,1,1.03558,1983
T,1988,267,1983,2,2.18572,1984
T,1988,267,1983,3,1.22277,1985
T,1988,267,1983,4,1.22605,1986
T,1988,267,1983,5,2.5465,1987
T,1988,268,1983,1,1.67139,1983
T,1988,268,1983,2,1.97837,1984
T,1988,268,1983,3,1.74774,1985
T,1988,268,1983,4,2.42877,1986
T,1988,268,1983,5,3.62542,1987
T,1988,269,1983,1,1.8088,1983
T,1988,269,1983,2,1.02987,1984
T,1988,269,1983,3,1.05893,1985
T,1988,269,1983,4,1.11341,1986
T,1988,269,1983,5,1.13191,1987
T,1988,270,1983,1,0.90322,1983
T,1988,270,1983,2,1.3784,1984
T,1988,270,1983,3,0.71593,1985
T,1988,270,1983,4,1.03077,1986
T,1988,270,1983,5,1.56731,1987
T,1988,271,1983,1,1.12343,1983
T,1988,271,1983,2,1.40132,1984
T,1988,271,1983,3,0.60167,1985
T,1988,271,1983,4,0.94331,1986
T,1988,271,1983,5,0.84432,1987
T,1988,272,1983,1,1.53675,1983
T,1988,272,1983,2,1.81605,1984
T,1988,272,1983,3,1.24462,1985
T,1988,272,1983,4,1.18109,1986
T,1988,272,1983,5,1.37163,1987
T,1988,273,1983,1,1.71116,1983
T,1988,273,1983,2,0.79448,1984
T,1988,273,1983,3,0.94897,1985
T,1988,273,1983,4,1.23348,1986
T,1988,273,1983,5,1.41848,1987
T,1988,274,1983,1,1.76694,1983
T,1988,274,1983,2,1.72614,1984
T,1988,274,1983,3,1.0798,1985
T,1988,274,1983,4,0.97022,1986
T,1988,274,1983,5,1.17842,1987
T,1988,275,1983,1,2.05881,1983
T,1988,275,1983,2,1.5498,1984
T,1988,275,1983,3,1.10993,1985
T,1988,275,1983,4,0.87997,1986
T,1988,275,1983,5,0.85571,1987
T,1988,276,1983,1,2.04032,1983
T,1988,276,1983,2,2.19032,1984
T,1988,276,1983,3,2.41397,1985
T,1988,276,1983,4,0.87298,1986
T,1988,276,1983,5,1.34133,1987
T,1988,277,1983,1,1.45391,1983
T,1988,277,1983,2,1.74109,1984
T,1988,277,1983,3,1.13845,1985
T,1988,277,1983,4,1.37298,1986
T,1988,277,1983,5,2.13615,1987
T,1988,278,1983,1,2.03081,1983
T,1988,278,1983,2,1.67184,1984
T,1988,278,1983,3,0.89808,1985
T,1988,278,1983,4,0.99778,1986
T,1988,278,1983,5,0.41283,1987
T,1988,279,1983,1,1.69487,1983
T,1988,279,1983,2,1.49313,1984
T,1988,279,1983,3,1.68777,1985
T,1988,279,1983,4,1.071,1986
T,1988,279,1983,5,1.16251,1987
T,1988,280,1983,1,0.72212,1983
T,1988,280,1983,2,0.7603,1984
T,1988,280,1983,3,1.36603,1985
T,1988,280,1983,4,0.75757,1986
T,1988,280,1983,5,0.75829,1987
T,1989,281,1984,1,1.50623,1984
T,1989,281,1984,2,1.72211,1985
T,1989,281,1984,3,1.19254,1986
T,1989,281,1984,4,1.58876,1987
T,1989,281,1984,5,2.09045,1988
T,1989,282,1984,1,1.49237,1984
T,1989,282,1984,2,1.27534,1985
T,1989,282,1984,3,0.80145,1986
T,1989,282,1984,4,1.02369,1987
T,1989,282,1984,5,1.54318,1988
T,1989,283,1984,1,1.44079,1984
T,1989,283,1984,2,1.49172,1985
T,1989,283,1984,3,0.98853,1986
T,1989,283,1984,4,1.38021,1987
T,1989,283,1984,5,1.52227,1988
T,1989,284,1984,1,2.01598,1984
T,1989,284,1984,2,1.18711,1985
T,1989,284,1984,3,0.86901,1986
T,1989,284,1984,4,1.02908,1987
T,1989,284,1984,5,1.12175,1988
T,1989,285,1984,1,1.35257,1984
T,1989,285,1984,2,1.32385,1985
T,1989,285,1984,3,1.45054,1986
T,1989,285,1984,4,1.24242,1987
T,1989,285,1984,5,0.997450000000001,1988
T,1989,286,1984,1,1.37585,1984
T,1989,286,1984,2,1.37894,1985
T,1989,286,1984,3,1.16046,1986
T,1989,286,1984,4,1.00882,1987
T,1989,286,1984,5,1.0681,1988
T,1989,287,1984,1,1.07939,1984
T,1989,287,1984,2,1.02194,1985
T,1989,287,1984,3,1.16052,1986
T,1989,287,1984,4,0.96284,1987
T,1989,287,1984,5,1.0012,1988
E,1989,288,1983,1,1.38567,1983
E,1989,288,1983,2,1.13404,1984
E,1989,288,1983,3,0.74679,1985
E,1989,288,1983,4,1.07326,1986
E,1989,288,1983,5,1.0718,1987
E,1989,288,1983,6,1.1431,1988
E,1989,289,1983,1,1.20946,1983
E,1989,289,1983,2,1.34137,1984
E,1989,289,1983,3,1.02517,1985
E,1989,289,1983,4,1.09735,1986
E,1989,289,1983,5,1.02746,1987
E,1989,289,1983,6,1.16255,1988
E,1989,290,1983,1,1.31635,1983
E,1989,290,1983,2,1.44893,1984
E,1989,290,1983,3,0.94502,1985
E,1989,290,1983,4,0.61132,1986
E,1989,290,1983,5,0.78233,1987
E,1989,290,1983,6,0.682049999999999,1988
E,1989,291,1983,1,1.15953,1983
E,1989,291,1983,2,1.41984,1984
E,1989,291,1983,3,1.04521,1985
E,1989,291,1983,4,0.59691,1986
E,1989,291,1983,5,1.00837,1987
E,1989,291,1983,6,0.908069999999999,1988
E,1989,292,1983,1,1.64398,1983
E,1989,292,1983,2,1.33165,1984
E,1989,292,1983,3,0.59542,1985
E,1989,292,1983,4,0.70876,1986
E,1989,292,1983,5,0.627879999999999,1987
E,1989,292,1983,6,0.89046,1988
E,1989,293,1983,1,1.6842,1983
E,1989,293,1983,2,1.41852,1984
E,1989,293,1983,3,0.79804,1985
E,1989,293,1983,4,0.35699,1986
E,1989,293,1983,5,0.456790000000001,1987
E,1989,293,1983,6,0.7519,1988
E,1989,294,1983,1,1.53678,1983
E,1989,294,1983,2,1.39707,1984
E,1989,294,1983,3,0.81036,1985
E,1989,294,1983,4,1.11267,1986
E,1989,294,1983,5,1.05798,1987
E,1989,294,1983,6,0.92711,1988
E,1989,295,1983,1,2.04983,1983
E,1989,295,1983,2,0.88145,1984
E,1989,295,1983,3,0.57832,1985
E,1989,295,1983,4,0.84151,1986
E,1989,295,1983,5,0.72903,1987
E,1989,295,1983,6,0.82636,1988
E,1989,296,1983,1,1.532,1983
E,1989,296,1983,2,1.26812,1984
E,1989,296,1983,3,0.92117,1985
E,1989,296,1983,4,0.72662,1986
E,1989,296,1983,5,0.86422,1987
E,1989,296,1983,6,0.9161,1988
E,1989,297,1983,1,1.32733,1983
E,1989,297,1983,2,1.12155,1984
E,1989,297,1983,3,0.79551,1985
E,1989,297,1983,4,0.91446,1986
E,1989,297,1983,5,0.819269999999999,1987
E,1989,297,1983,6,1.74039,1988
E,1989,298,1983,1,1.7018,1983
E,1989,298,1983,2,1.78563,1984
E,1989,298,1983,3,1.06047,1985
E,1989,298,1983,4,1.12143,1986
E,1989,298,1983,5,1.10104,1987
E,1989,298,1983,6,1.31832,1988
E,1989,299,1983,1,1.23346,1983
E,1989,299,1983,2,1.43659,1984
E,1989,299,1983,3,1.02652,1985
E,1989,299,1983,4,0.90083,1986
E,1989,299,1983,5,0.99219,1987
E,1989,299,1983,6,1.36327,1988
E,1989,300,1983,1,1.27188,1983
E,1989,300,1983,2,1.3888,1984
E,1989,300,1983,3,0.95654,1985
E,1989,300,1983,4,0.89895,1986
E,1989,300,1983,5,0.56323,1987
E,1989,300,1983,6,0.460570000000001,1988
E,1989,301,1983,1,1.8396,1983
E,1989,301,1983,2,1.52923,1984
E,1989,301,1983,3,1.14871,1985
E,1989,301,1983,4,1.13403,1986
E,1989,301,1983,5,1.16675,1987
E,1989,301,1983,6,1.09052,1988
E,1989,302,1983,1,1.17493,1983
E,1989,302,1983,2,1.43579,1984
E,1989,302,1983,3,0.74539,1985
E,1989,302,1983,4,0.70163,1986
E,1989,302,1983,5,0.7216,1987
E,1989,302,1983,6,1.13491,1988
E,1989,303,1983,1,1.33986,1983
E,1989,303,1983,2,1.30182,1984
E,1989,303,1983,3,0.79116,1985
E,1989,303,1983,4,0.84075,1986
E,1989,303,1983,5,0.698499999999999,1987
E,1989,303,1983,6,0.66171,1988
E,1989,304,1983,1,2.22507,1983
E,1989,304,1983,2,1.03376,1984
E,1989,304,1983,3,0.94233,1985
E,1989,304,1983,4,0.84201,1986
E,1989,304,1983,5,0.8763,1987
E,1989,304,1983,6,0.98299,1988
E,1989,305,1983,1,1.40716,1983
E,1989,305,1983,2,1.15959,1984
E,1989,305,1983,3,0.85475,1985
E,1989,305,1983,4,1.1709,1986
E,1989,305,1983,5,0.94491,1987
E,1989,305,1983,6,1.27884,1988
E,1989,306,1983,1,1.07591,1983
E,1989,306,1983,2,1.53545,1984
E,1989,306,1983,3,0.99215,1985
E,1989,306,1983,4,1.09624,1986
E,1989,306,1983,5,1.01731,1987
E,1989,306,1983,6,1.40219,1988
E,1989,307,1983,1,1.4457,1983
E,1989,307,1983,2,1.06925,1984
E,1989,307,1983,3,0.53105,1985
E,1989,307,1983,4,0.4432,1986
E,1989,307,1983,5,0.61098,1987
E,1989,307,1983,6,0.87527,1988
E,1989,308,1983,1,1.72771,1983
E,1989,308,1983,2,1.86388,1984
E,1989,308,1983,3,1.08236,1985
E,1989,308,1983,4,1.4866,1986
E,1989,308,1983,5,1.92472,1987
E,1989,308,1983,6,0.938370000000001,1988
E,1989,309,1983,1,1.14936,1983
E,1989,309,1983,2,1.53289,1984
E,1989,309,1983,3,0.84708,1985
E,1989,309,1983,4,0.7798,1986
E,1989,309,1983,5,0.754370000000001,1987
E,1989,309,1983,6,1.16594,1988
E,1989,310,1983,1,1.10121,1983
E,1989,310,1983,2,1.09368,1984
E,1989,310,1983,3,0.70501,1985
E,1989,310,1983,4,0.86227,1986
E,1989,310,1983,5,0.81831,1987
E,1989,310,1983,6,0.98167,1988
E,1989,311,1983,1,1.07443,1983
E,1989,311,1983,2,0.74804,1984
E,1989,311,1983,3,0.90559,1985
E,1989,311,1983,4,0.72132,1986
E,1989,311,1983,5,0.86614,1987
E,1989,311,1983,6,1.01349,1988
E,1990,312,1984,1,1.35134,1984
E,1990,312,1984,2,0.87293,1985
E,1990,312,1984,3,0.86015,1986
E,1990,312,1984,4,1.05844,1987
E,1990,312,1984,5,0.92227,1988
E,1990,312,1984,6,0.9088,1989
E,1990,313,1984,1,1.56335,1984
E,1990,313,1984,2,1.07038,1985
E,1990,313,1984,3,0.95595,1986
E,1990,313,1984,4,1.17994,1987
E,1990,313,1984,5,1.05936,1988
E,1990,313,1984,6,0.9194,1989
E,1990,314,1984,1,1.34218,1984
E,1990,314,1984,2,0.69339,1985
E,1990,314,1984,3,1.13632,1986
E,1990,314,1984,4,0.68045,1987
E,1990,314,1984,5,0.85658,1988
E,1990,314,1984,6,1.2348,1989
E,1990,315,1984,1,1.4462,1984
E,1990,315,1984,2,0.85897,1985
E,1990,315,1984,3,0.93737,1986
E,1990,315,1984,4,0.99507,1987
E,1990,315,1984,5,0.67321,1988
E,1990,315,1984,6,0.77821,1989
E,1990,316,1984,1,1.26165,1984
E,1990,316,1984,2,0.94684,1985
E,1990,316,1984,3,1.0425,1986
E,1990,316,1984,4,1.47915,1987
E,1990,316,1984,5,1.23806,1988
E,1990,316,1984,6,1.10043,1989
E,1990,317,1984,1,1.19454,1984
E,1990,317,1984,2,0.81889,1985
E,1990,317,1984,3,1.07168,1986
E,1990,317,1984,4,1.25208,1987
E,1990,317,1984,5,1.29938,1988
E,1990,317,1984,6,1.34881,1989
E,1990,318,1984,1,1.51898,1984
E,1990,318,1984,2,1.02134,1985
E,1990,318,1984,3,0.87854,1986
E,1990,318,1984,4,1.54568,1987
E,1990,318,1984,5,1.06643,1988
E,1990,318,1984,6,1.07882,1989
E,1990,319,1984,1,1.41488,1984
E,1990,319,1984,2,0.92943,1985
E,1990,319,1984,3,1.13457,1986
E,1990,319,1984,4,1.12274,1987
E,1990,319,1984,5,0.992500000000001,1988
E,1990,319,1984,6,0.871259999999999,1989
E,1990,320,1984,1,1.32262,1984
E,1990,320,1984,2,1.05354,1985
E,1990,320,1984,3,1.21914,1986
E,1990,320,1984,4,1.29638,1987
E,1990,320,1984,5,1.20758,1988
E,1990,320,1984,6,0.76059,1989
E,1990,321,1984,1,1.27891,1984
E,1990,321,1984,2,1.31335,1985
E,1990,321,1984,3,0.90696,1986
E,1990,321,1984,4,1.00343,1987
E,1990,321,1984,5,1.4111,1988
E,1990,321,1984,6,1.60358,1989
E,1990,322,1984,1,1.50754,1984
E,1990,322,1984,2,1.75929,1985
E,1990,322,1984,3,0.99595,1986
E,1990,322,1984,4,1.51232,1987
E,1990,322,1984,5,0.92363,1988
E,1990,322,1984,6,1.80522,1989
E,1990,323,1984,1,1.37859,1984
E,1990,323,1984,2,0.77804,1985
E,1990,323,1984,3,0.9848,1986
E,1990,323,1984,4,1.31303,1987
E,1990,323,1984,5,1.18945,1988
E,1990,323,1984,6,0.92345,1989
E,1990,324,1984,1,1.25987,1984
E,1990,324,1984,2,1.10584,1985
E,1990,324,1984,3,1.02056,1986
E,1990,324,1984,4,1.22814,1987
E,1990,324,1984,5,0.97208,1988
E,1990,324,1984,6,1.21219,1989
E,1990,325,1984,1,1.61443,1984
E,1990,325,1984,2,1.01487,1985
E,1990,325,1984,3,1.16483,1986
E,1990,325,1984,4,1.53936,1987
E,1990,325,1984,5,1.13169,1988
E,1990,325,1984,6,1.16851,1989
T,1989,326,1983,1,1.28405,1983
T,1989,326,1983,2,1.35167,1984
T,1989,326,1983,3,0.61328,1985
T,1989,326,1983,4,0.66325,1986
T,1989,326,1983,5,0.67052,1987
T,1989,326,1983,6,0.70376,1988
T,1989,327,1983,1,1.19649,1983
T,1989,327,1983,2,1.04162,1984
T,1989,327,1983,3,0.56529,1985
T,1989,327,1983,4,0.47257,1986
T,1989,327,1983,5,0.84239,1987
T,1989,327,1983,6,0.98683,1988
T,1989,328,1983,1,1.39457,1983
T,1989,328,1983,2,1.15332,1984
T,1989,328,1983,3,1.03401,1985
T,1989,328,1983,4,0.79887,1986
T,1989,328,1983,5,1.10782,1987
T,1989,328,1983,6,1.78849,1988
T,1989,329,1983,1,1.48776,1983
T,1989,329,1983,2,1.44886,1984
T,1989,329,1983,3,0.74809,1985
T,1989,329,1983,4,1.01616,1986
T,1989,329,1983,5,1.15736,1987
T,1989,329,1983,6,1.47712,1988
T,1989,330,1983,1,1.35391,1983
T,1989,330,1983,2,1.46298,1984
T,1989,330,1983,3,0.83711,1985
T,1989,330,1983,4,0.75696,1986
T,1989,330,1983,5,1.20265,1987
T,1989,330,1983,6,1.11128,1988
T,1989,331,1983,1,1.28665,1983
T,1989,331,1983,2,1.24995,1984
T,1989,331,1983,3,0.95488,1985
T,1989,331,1983,4,1.01237,1986
T,1989,331,1983,5,1.05038,1987
T,1989,331,1983,6,1.42881,1988
T,1989,332,1983,1,1.34781,1983
T,1989,332,1983,2,1.43908,1984
T,1989,332,1983,3,1.3131,1985
T,1989,332,1983,4,1.23869,1986
T,1989,332,1983,5,1.07588,1987
T,1989,332,1983,6,1.71865,1988
T,1989,333,1983,1,1.87082,1983
T,1989,333,1983,2,1.52517,1984
T,1989,333,1983,3,1.36275,1985
T,1989,333,1983,4,1.01103,1986
T,1989,333,1983,5,1.15211,1987
T,1989,333,1983,6,1.25762,1988
T,1989,334,1983,1,1.03252,1983
T,1989,334,1983,2,0.92205,1984
T,1989,334,1983,3,0.94119,1985
T,1989,334,1983,4,0.87636,1986
T,1989,334,1983,5,1.11538,1987
T,1989,334,1983,6,1.3412,1988
T,1989,335,1983,1,1.62856,1983
T,1989,335,1983,2,1.62435,1984
T,1989,335,1983,3,1.10712,1985
T,1989,335,1983,4,1.15388,1986
T,1989,335,1983,5,1.84046,1987
T,1989,335,1983,6,1.10016,1988
T,1989,336,1983,1,1.44152,1983
T,1989,336,1983,2,1.47824,1984
T,1989,336,1983,3,1.16968,1985
T,1989,336,1983,4,1.28278,1986
T,1989,336,1983,5,1.4008,1987
T,1989,336,1983,6,2.40435,1988
T,1989,337,1983,1,1.03389,1983
T,1989,337,1983,2,0.87365,1984
T,1989,337,1983,3,0.69088,1985
T,1989,337,1983,4,0.682,1986
T,1989,337,1983,5,0.93726,1987
T,1989,337,1983,6,1.32206,1988
T,1989,338,1983,1,1.32845,1983
T,1989,338,1983,2,1.14811,1984
T,1989,338,1983,3,1.06559,1985
T,1989,338,1983,4,1.05532,1986
T,1989,338,1983,5,0.956289999999999,1987
T,1989,338,1983,6,0.675750000000001,1988
T,1989,339,1983,1,1.99019,1983
T,1989,339,1983,2,1.56238,1984
T,1989,339,1983,3,0.96682,1985
T,1989,339,1983,4,1.15205,1986
T,1989,339,1983,5,0.85235,1987
T,1989,339,1983,6,0.88024,1988
T,1989,340,1983,1,1.5419,1983
T,1989,340,1983,2,1.21307,1984
T,1989,340,1983,3,1.01613,1985
T,1989,340,1983,4,0.86358,1986
T,1989,340,1983,5,0.82919,1987
T,1989,340,1983,6,1.38053,1988
T,1989,341,1983,1,1.50815,1983
T,1989,341,1983,2,1.49675,1984
T,1989,341,1983,3,1.38694,1985
T,1989,341,1983,4,0.81925,1986
T,1989,341,1983,5,1.51828,1987
T,1989,341,1983,6,1.05416,1988
T,1989,342,1983,1,1.55356,1983
T,1989,342,1983,2,1.51574,1984
T,1989,342,1983,3,1.14972,1985
T,1989,342,1983,4,1.12677,1986
T,1989,342,1983,5,1.19914,1987
T,1989,342,1983,6,2.0197,1988
T,1989,343,1983,1,1.40926,1983
T,1989,343,1983,2,1.46944,1984
T,1989,343,1983,3,0.75173,1985
T,1989,343,1983,4,1.08206,1986
T,1989,343,1983,5,0.66941,1987
T,1989,343,1983,6,1.64607,1988
T,1989,344,1983,1,1.31613,1983
T,1989,344,1983,2,1.40986,1984
T,1989,344,1983,3,0.61095,1985
T,1989,344,1983,4,1.37745,1986
T,1989,344,1983,5,1.4836,1987
T,1989,344,1983,6,2.07303,1988
T,1989,345,1983,1,1.4112,1983
T,1989,345,1983,2,1.49103,1984
T,1989,345,1983,3,1.00739,1985
T,1989,345,1983,4,1.02885,1986
T,1989,345,1983,5,1.01641,1987
T,1989,345,1983,6,1.29174,1988
T,1989,346,1983,1,1.51544,1983
T,1989,346,1983,2,1.55494,1984
T,1989,346,1983,3,1.26653,1985
T,1989,346,1983,4,1.32921,1986
T,1989,346,1983,5,1.5864,1987
T,1989,346,1983,6,2.05945,1988
T,1989,347,1983,1,1.6141,1983
T,1989,347,1983,2,1.79273,1984
T,1989,347,1983,3,0.92117,1985
T,1989,347,1983,4,1.19838,1986
T,1989,347,1983,5,1.41167,1987
T,1989,347,1983,6,0.88424,1988
T,1989,348,1983,1,1.67389,1983
T,1989,348,1983,2,1.06535,1984
T,1989,348,1983,3,1.08269,1985
T,1989,348,1983,4,1.77561,1986
T,1989,348,1983,5,1.39833,1987
T,1989,348,1983,6,1.43665,1988
T,1989,349,1983,1,1.66604,1983
T,1989,349,1983,2,1.56963,1984
T,1989,349,1983,3,1.06612,1985
T,1989,349,1983,4,1.15064,1986
T,1989,349,1983,5,1.25497,1987
T,1989,349,1983,6,1.86795,1988
T,1989,350,1983,1,1.22428,1983
T,1989,350,1983,2,1.0033,1984
T,1989,350,1983,3,0.53342,1985
T,1989,350,1983,4,0.58672,1986
T,1989,350,1983,5,0.78486,1987
T,1989,350,1983,6,1.08332,1988
T,1989,351,1983,1,1.28366,1983
T,1989,351,1983,2,1.03018,1984
T,1989,351,1983,3,0.59729,1985
T,1989,351,1983,4,0.88005,1986
T,1989,351,1983,5,0.97606,1987
T,1989,351,1983,6,1.1854,1988
T,1989,352,1983,1,1.57388,1983
T,1989,352,1983,2,1.12262,1984
T,1989,352,1983,3,0.56663,1985
T,1989,352,1983,4,0.69595,1986
T,1989,352,1983,5,0.62873,1987
T,1989,352,1983,6,0.7836,1988
T,1989,353,1983,1,1.12781,1983
T,1989,353,1983,2,1.05042,1984
T,1989,353,1983,3,0.86872,1985
T,1989,353,1983,4,0.87375,1986
T,1989,353,1983,5,1.43522,1987
T,1989,353,1983,6,1.27773,1988
T,1989,354,1983,1,1.37558,1983
T,1989,354,1983,2,0.9283,1984
T,1989,354,1983,3,0.63297,1985
T,1989,354,1983,4,0.6487,1986
T,1989,354,1983,5,0.85736,1987
T,1989,354,1983,6,0.960299999999999,1988
T,1989,355,1983,1,1.00139,1983
T,1989,355,1983,2,0.81285,1984
T,1989,355,1983,3,0.35499,1985
T,1989,355,1983,4,0.59549,1986
T,1989,355,1983,5,0.48053,1987
T,1989,355,1983,6,0.71153,1988
T,1989,356,1983,1,1.4769,1983
T,1989,356,1983,2,1.24969,1984
T,1989,356,1983,3,1.06485,1985
T,1989,356,1983,4,0.99723,1986
T,1989,356,1983,5,1.12193,1987
T,1989,356,1983,6,0.952800000000001,1988
T,1989,357,1983,1,1.57182,1983
T,1989,357,1983,2,0.7653,1984
T,1989,357,1983,3,0.80933,1985
T,1989,357,1983,4,0.78564,1986
T,1989,357,1983,5,0.98036,1987
T,1989,357,1983,6,1.0831,1988
T,1989,358,1983,1,1.4827,1983
T,1989,358,1983,2,1.33181,1984
T,1989,358,1983,3,1.02482,1985
T,1989,358,1983,4,1.21177,1986
T,1989,358,1983,5,0.97192,1987
T,1989,358,1983,6,1.17342,1988
T,1989,359,1983,1,1.8281,1983
T,1989,359,1983,2,1.67782,1984
T,1989,359,1983,3,0.77144,1985
T,1989,359,1983,4,0.755380000000001,1986
T,1989,359,1983,5,0.67962,1987
T,1989,359,1983,6,1.02898,1988
T,1989,360,1983,1,1.38909,1983
T,1989,360,1983,2,1.15787,1984
T,1989,360,1983,3,0.90767,1985
T,1989,360,1983,4,0.86165,1986
T,1989,360,1983,5,1.19772,1987
T,1989,360,1983,6,1.40991,1988
T,1989,361,1983,1,1.54304,1983
T,1989,361,1983,2,1.56445,1984
T,1989,361,1983,3,1.22393,1985
T,1989,361,1983,4,1.09298,1986
T,1989,361,1983,5,1.50155,1987
T,1989,361,1983,6,1.63945,1988
T,1989,362,1983,1,1.44707,1983
T,1989,362,1983,2,1.24402,1984
T,1989,362,1983,3,0.63683,1985
T,1989,362,1983,4,0.83389,1986
T,1989,362,1983,5,1.20177,1987
T,1989,362,1983,6,1.34452,1988
T,1989,363,1983,1,1.47167,1983
T,1989,363,1983,2,0.84364,1984
T,1989,363,1983,3,0.78935,1985
T,1989,363,1983,4,0.91121,1986
T,1989,363,1983,5,0.98191,1987
T,1989,363,1983,6,1.92339,1988
T,1989,364,1983,1,1.21022,1983
T,1989,364,1983,2,1.10573,1984
T,1989,364,1983,3,0.61394,1985
T,1989,364,1983,4,0.89565,1986
T,1989,364,1983,5,1.25477,1987
T,1989,364,1983,6,1.08802,1988
T,1989,365,1983,1,1.45599,1983
T,1989,365,1983,2,1.24295,1984
T,1989,365,1983,3,0.67013,1985
T,1989,365,1983,4,0.72679,1986
T,1989,365,1983,5,0.87213,1987
T,1989,365,1983,6,1.2084,1988
T,1989,366,1983,1,1.14855,1983
T,1989,366,1983,2,1.1933,1984
T,1989,366,1983,3,0.91639,1985
T,1989,366,1983,4,0.73087,1986
T,1989,366,1983,5,1.45903,1987
T,1989,366,1983,6,1.89631,1988
T,1989,367,1983,1,1.62262,1983
T,1989,367,1983,2,1.11441,1984
T,1989,367,1983,3,0.85463,1985
T,1989,367,1983,4,0.70263,1986
T,1989,367,1983,5,0.86808,1987
T,1989,367,1983,6,0.97091,1988
T,1989,368,1983,1,0.98134,1983
T,1989,368,1983,2,0.99376,1984
T,1989,368,1983,3,0.81527,1985
T,1989,368,1983,4,1.094,1986
T,1989,368,1983,5,1.1061,1987
T,1989,368,1983,6,1.68354,1988
T,1989,369,1983,1,1.41383,1983
T,1989,369,1983,2,1.3936,1984
T,1989,369,1983,3,1.34465,1985
T,1989,369,1983,4,0.94799,1986
T,1989,369,1983,5,0.89156,1987
T,1989,369,1983,6,1.19214,1988
T,1989,370,1983,1,1.56269,1983
T,1989,370,1983,2,1.77694,1984
T,1989,370,1983,3,1.28915,1985
T,1989,370,1983,4,1.4181,1986
T,1989,370,1983,5,1.51505,1987
T,1989,370,1983,6,1.81664,1988
T,1989,371,1983,1,1.75693,1983
T,1989,371,1983,2,1.40902,1984
T,1989,371,1983,3,0.8139,1985
T,1989,371,1983,4,1.48719,1986
T,1989,371,1983,5,1.81369,1987
T,1989,371,1983,6,2.81235,1988
T,1989,372,1983,1,1.1011,1983
T,1989,372,1983,2,1.15764,1984
T,1989,372,1983,3,0.81239,1985
T,1989,372,1983,4,0.77888,1986
T,1989,372,1983,5,1.00741,1987
T,1989,372,1983,6,1.19104,1988
E,1990,373,1983,1,1.02621,1983
E,1990,373,1983,2,0.90437,1984
E,1990,373,1983,3,0.64942,1985
E,1990,373,1983,4,0.66923,1986
E,1990,373,1983,5,0.80521,1987
E,1990,373,1983,6,0.684760000000001,1988
E,1990,373,1983,7,0.60602,1989
E,1990,374,1983,1,1.14855,1983
E,1990,374,1983,2,1.2565,1984
E,1990,374,1983,3,1.0268,1985
E,1990,374,1983,4,0.89147,1986
E,1990,374,1983,5,0.9315,1987
E,1990,374,1983,6,1.11358,1988
E,1990,374,1983,7,0.96061,1989
E,1990,375,1983,1,1.25305,1983
E,1990,375,1983,2,1.54891,1984
E,1990,375,1983,3,0.92269,1985
E,1990,375,1983,4,1.12827,1986
E,1990,375,1983,5,1.29337,1987
E,1990,375,1983,6,1.20289,1988
E,1990,375,1983,7,1.62781,1989
E,1990,376,1983,1,1.17614,1983
E,1990,376,1983,2,1.13567,1984
E,1990,376,1983,3,0.6318,1985
E,1990,376,1983,4,0.77908,1986
E,1990,376,1983,5,0.72514,1987
E,1990,376,1983,6,1.12629,1988
E,1990,376,1983,7,0.99533,1989
E,1990,377,1983,1,1.33285,1983
E,1990,377,1983,2,1.09087,1984
E,1990,377,1983,3,0.61898,1985
E,1990,377,1983,4,0.75102,1986
E,1990,377,1983,5,1.06854,1987
E,1990,377,1983,6,0.88693,1988
E,1990,377,1983,7,0.726170000000001,1989
E,1990,378,1983,1,1.37246,1983
E,1990,378,1983,2,1.42339,1984
E,1990,378,1983,3,0.80314,1985
E,1990,378,1983,4,0.74649,1986
E,1990,378,1983,5,0.856129999999999,1987
E,1990,378,1983,6,1.05064,1988
E,1990,378,1983,7,1.32844,1989
E,1990,379,1983,1,1.3938,1983
E,1990,379,1983,2,1.60727,1984
E,1990,379,1983,3,0.87173,1985
E,1990,379,1983,4,1.21812,1986
E,1990,379,1983,5,1.09299,1987
E,1990,379,1983,6,1.01651,1988
E,1990,379,1983,7,0.509139999999999,1989
E,1990,380,1983,1,1.28265,1983
E,1990,380,1983,2,0.92985,1984
E,1990,380,1983,3,0.93104,1985
E,1990,380,1983,4,0.62385,1986
E,1990,380,1983,5,0.67778,1987
E,1990,380,1983,6,0.81655,1988
E,1990,380,1983,7,0.465929999999999,1989
E,1990,381,1983,1,1.00199,1983
E,1990,381,1983,2,1.33584,1984
E,1990,381,1983,3,0.94296,1985
E,1990,381,1983,4,0.82102,1986
E,1990,381,1983,5,1.16557,1987
E,1990,381,1983,6,0.94146,1988
E,1990,381,1983,7,1.26833,1989
E,1990,382,1983,1,1.53736,1983
E,1990,382,1983,2,1.40165,1984
E,1990,382,1983,3,0.58439,1985
E,1990,382,1983,4,0.66181,1986
E,1990,382,1983,5,0.622470000000001,1987
E,1990,382,1983,6,0.913189999999999,1988
E,1990,382,1983,7,1.12328,1989
E,1990,383,1983,1,1.01672,1983
E,1990,383,1983,2,1.37624,1984
E,1990,383,1983,3,1.08339,1985
E,1990,383,1983,4,0.90083,1986
E,1990,383,1983,5,0.81258,1987
E,1990,383,1983,6,0.902,1988
E,1990,383,1983,7,1.48199,1989
E,1990,384,1983,1,1.225,1983
E,1990,384,1983,2,1.02858,1984
E,1990,384,1983,3,0.89782,1985
E,1990,384,1983,4,0.87823,1986
E,1990,384,1983,5,0.86318,1987
E,1990,384,1983,6,0.79279,1988
E,1990,384,1983,7,0.86472,1989
E,1990,385,1983,1,1.19465,1983
E,1990,385,1983,2,1.41199,1984
E,1990,385,1983,3,0.81685,1985
E,1990,385,1983,4,0.85745,1986
E,1990,385,1983,5,1.00394,1987
E,1990,385,1983,6,1.09203,1988
E,1990,385,1983,7,1.14222,1989
E,1990,386,1983,1,1.81711,1983
E,1990,386,1983,2,1.31563,1984
E,1990,386,1983,3,0.7026,1985
E,1990,386,1983,4,0.84524,1986
E,1990,386,1983,5,0.89449,1987
E,1990,386,1983,6,1.29618,1988
E,1990,386,1983,7,1.79391,1989
E,1990,387,1983,1,1.45441,1983
E,1990,387,1983,2,0.98433,1984
E,1990,387,1983,3,0.70453,1985
E,1990,387,1983,4,0.77316,1986
E,1990,387,1983,5,0.91968,1987
E,1990,387,1983,6,1.14667,1988
E,1990,387,1983,7,1.18394,1989
E,1990,388,1983,1,1.55702,1983
E,1990,388,1983,2,1.13881,1984
E,1990,388,1983,3,1.01892,1985
E,1990,388,1983,4,1.07794,1986
E,1990,388,1983,5,1.17094,1987
E,1990,388,1983,6,1.33024,1988
E,1990,388,1983,7,1.09731,1989
E,1990,389,1983,1,1.25431,1983
E,1990,389,1983,2,1.05925,1984
E,1990,389,1983,3,0.83836,1985
E,1990,389,1983,4,0.8566,1986
E,1990,389,1983,5,0.97623,1987
E,1990,389,1983,6,0.95768,1988
E,1990,389,1983,7,1.1867,1989
E,1990,390,1983,1,1.44672,1983
E,1990,390,1983,2,1.05499,1984
E,1990,390,1983,3,1.04264,1985
E,1990,390,1983,4,1.07056,1986
E,1990,390,1983,5,1.27728,1987
E,1990,390,1983,6,1.22104,1988
E,1990,390,1983,7,1.56308,1989
E,1990,391,1983,1,1.60007,1983
E,1990,391,1983,2,1.1307,1984
E,1990,391,1983,3,0.9104,1985
E,1990,391,1983,4,1.05218,1986
E,1990,391,1983,5,1.12193,1987
E,1990,391,1983,6,1.22926,1988
E,1990,391,1983,7,0.798410000000001,1989
E,1990,392,1983,1,1.28623,1983
E,1990,392,1983,2,1.34793,1984
E,1990,392,1983,3,1.03578,1985
E,1990,392,1983,4,1.07974,1986
E,1990,392,1983,5,0.97626,1987
E,1990,392,1983,6,0.952330000000001,1988
E,1990,392,1983,7,1.00052,1989
E,1990,393,1983,1,1.58371,1983
E,1990,393,1983,2,1.45181,1984
E,1990,393,1983,3,0.90467,1985
E,1990,393,1983,4,0.6732,1986
E,1990,393,1983,5,1.11963,1987
E,1990,393,1983,6,1.31531,1988
E,1990,393,1983,7,0.76707,1989
E,1990,394,1983,1,1.13708,1983
E,1990,394,1983,2,1.20704,1984
E,1990,394,1983,3,0.67379,1985
E,1990,394,1983,4,1.0047,1986
E,1990,394,1983,5,1.47529,1987
E,1990,394,1983,6,1.8601,1988
E,1990,394,1983,7,1.28131,1989
E,1990,395,1983,1,1.27902,1983
E,1990,395,1983,2,1.47459,1984
E,1990,395,1983,3,0.95234,1985
E,1990,395,1983,4,1.02591,1986
E,1990,395,1983,5,0.8523,1987
E,1990,395,1983,6,1.48227,1988
E,1990,395,1983,7,1.7129,1989
E,1990,396,1983,1,1.50631,1983
E,1990,396,1983,2,1.60819,1984
E,1990,396,1983,3,1.39704,1985
E,1990,396,1983,4,0.93998,1986
E,1990,396,1983,5,1.04678,1987
E,1990,396,1983,6,1.05908,1988
E,1990,396,1983,7,1.51065,1989
E,1990,397,1983,1,1.20117,1983
E,1990,397,1983,2,1.21574,1984
E,1990,397,1983,3,0.93676,1985
E,1990,397,1983,4,0.64449,1986
E,1990,397,1983,5,0.56764,1987
E,1990,397,1983,6,0.6396,1988
E,1990,397,1983,7,1.00313,1989
E,1990,398,1983,1,1.58667,1983
E,1990,398,1983,2,1.10838,1984
E,1990,398,1983,3,0.84016,1985
E,1990,398,1983,4,1.03415,1986
E,1990,398,1983,5,1.17747,1987
E,1990,398,1983,6,1.32365,1988
E,1990,398,1983,7,1.29068,1989
E,1990,399,1983,1,1.42654,1983
E,1990,399,1983,2,1.43446,1984
E,1990,399,1983,3,0.76843,1985
E,1990,399,1983,4,0.73522,1986
E,1990,399,1983,5,1.22696,1987
E,1990,399,1983,6,1.61463,1988
E,1990,399,1983,7,0.55921,1989
E,1990,400,1983,1,1.47798,1983
E,1990,400,1983,2,1.39506,1984
E,1990,400,1983,3,0.90214,1985
E,1990,400,1983,4,1.0248,1986
E,1990,400,1983,5,0.81182,1987
E,1990,400,1983,6,1.32716,1988
E,1990,400,1983,7,1.02331,1989
E,1990,401,1983,1,1.32899,1983
E,1990,401,1983,2,1.36011,1984
E,1990,401,1983,3,1.00656,1985
E,1990,401,1983,4,0.99474,1986
E,1990,401,1983,5,1.87521,1987
E,1990,401,1983,6,1.04065,1988
E,1990,401,1983,7,1.29942,1989
E,1990,402,1983,1,1.37097,1983
E,1990,402,1983,2,1.3323,1984
E,1990,402,1983,3,1.29988,1985
E,1990,402,1983,4,0.808940000000001,1986
E,1990,402,1983,5,1.29681,1987
E,1990,402,1983,6,1.20928,1988
E,1990,402,1983,7,1.18167,1989
E,1990,403,1983,1,1.58468,1983
E,1990,403,1983,2,1.50104,1984
E,1990,403,1983,3,1.11264,1985
E,1990,403,1983,4,0.9436,1986
E,1990,403,1983,5,1.50818,1987
E,1990,403,1983,6,1.69604,1988
E,1990,403,1983,7,0.535209999999999,1989
E,1990,404,1983,1,1.38386,1983
E,1990,404,1983,2,1.27623,1984
E,1990,404,1983,3,0.92411,1985
E,1990,404,1983,4,0.85546,1986
E,1990,404,1983,5,1.27056,1987
E,1990,404,1983,6,1.54088,1988
E,1990,404,1983,7,1.62322,1989
E,1990,405,1983,1,1.81401,1983
E,1990,405,1983,2,1.1306,1984
E,1990,405,1983,3,1.01155,1985
E,1990,405,1983,4,1.16781,1986
E,1990,405,1983,5,1.12375,1987
E,1990,405,1983,6,1.47764,1988
E,1990,405,1983,7,0.81555,1989
E,1990,406,1983,1,1.4274,1983
E,1990,406,1983,2,1.30989,1984
E,1990,406,1983,3,0.96048,1985
E,1990,406,1983,4,1.04168,1986
E,1990,406,1983,5,1.32551,1987
E,1990,406,1983,6,1.37305,1988
E,1990,406,1983,7,1.59214,1989
E,1990,407,1983,1,1.64741,1983
E,1990,407,1983,2,1.34813,1984
E,1990,407,1983,3,0.90089,1985
E,1990,407,1983,4,1.11723,1986
E,1990,407,1983,5,1.26677,1987
E,1990,407,1983,6,1.16302,1988
E,1990,407,1983,7,1.22315,1989
E,1990,408,1983,1,1.37473,1983
E,1990,408,1983,2,1.34314,1984
E,1990,408,1983,3,0.89404,1985
E,1990,408,1983,4,0.8787,1986
E,1990,408,1983,5,0.69635,1987
E,1990,408,1983,6,1.45956,1988
E,1990,408,1983,7,1.90818,1989
E,1990,409,1983,1,1.37828,1983
E,1990,409,1983,2,1.32819,1984
E,1990,409,1983,3,0.90054,1985
E,1990,409,1983,4,0.87521,1986
E,1990,409,1983,5,0.69424,1987
E,1990,409,1983,6,1.44594,1988
E,1990,409,1983,7,1.92565,1989
E,1990,410,1983,1,1.59186,1983
E,1990,410,1983,2,1.19591,1984
E,1990,410,1983,3,1.05653,1985
E,1990,410,1983,4,1.25394,1986
E,1990,410,1983,5,1.77291,1987
E,1990,410,1983,6,1.67732,1988
E,1990,410,1983,7,0.83943,1989
E,1990,411,1983,1,1.51209,1983
E,1990,411,1983,2,1.38279,1984
E,1990,411,1983,3,1.06292,1985
E,1990,411,1983,4,1.00386,1986
E,1990,411,1983,5,1.07264,1987
E,1990,411,1983,6,1.61634,1988
E,1990,411,1983,7,1.66434,1989
E,1990,412,1983,1,1.59143,1983
E,1990,412,1983,2,1.29836,1984
E,1990,412,1983,3,1.02418,1985
E,1990,412,1983,4,1.02184,1986
E,1990,412,1983,5,1.02983,1987
E,1990,412,1983,6,1.5238,1988
E,1990,412,1983,7,1.28761,1989
E,1990,413,1983,1,1.70003,1983
E,1990,413,1983,2,1.80849,1984
E,1990,413,1983,3,1.21066,1985
E,1990,413,1983,4,1.50704,1986
E,1990,413,1983,5,1.69716,1987
E,1990,413,1983,6,1.92666,1988
E,1990,413,1983,7,0.768219999999999,1989
E,1990,414,1983,1,1.82314,1983
E,1990,414,1983,2,1.53455,1984
E,1990,414,1983,3,1.04517,1985
E,1990,414,1983,4,1.21805,1986
E,1990,414,1983,5,1.67082,1987
E,1990,414,1983,6,1.81459,1988
E,1990,414,1983,7,1.68884,1989
E,1990,415,1983,1,1.55127,1983
E,1990,415,1983,2,1.5228,1984
E,1990,415,1983,3,1.19854,1985
E,1990,415,1983,4,0.91578,1986
E,1990,415,1983,5,1.79758,1987
E,1990,415,1983,6,1.38777,1988
E,1990,415,1983,7,0.84816,1989
E,1990,416,1983,1,1.76579,1983
E,1990,416,1983,2,1.50001,1984
E,1990,416,1983,3,1.08797,1985
E,1990,416,1983,4,1.06231,1986
E,1990,416,1983,5,1.7251,1987
E,1990,416,1983,6,1.65579,1988
E,1990,416,1983,7,0.946999999999999,1989
E,1990,417,1983,1,1.55967,1983
E,1990,417,1983,2,1.3701,1984
E,1990,417,1983,3,1.15228,1985
E,1990,417,1983,4,1.16054,1986
E,1990,417,1983,5,1.2576,1987
E,1990,417,1983,6,1.33334,1988
E,1990,417,1983,7,0.743230000000001,1989
E,1990,418,1983,1,1.70546,1983
E,1990,418,1983,2,1.38279,1984
E,1990,418,1983,3,1.18971,1985
E,1990,418,1983,4,1.16713,1986
E,1990,418,1983,5,1.52264,1987
E,1990,418,1983,6,1.05571,1988
E,1990,418,1983,7,1.5066,1989
E,1990,419,1983,1,1.65478,1983
E,1990,419,1983,2,1.6906,1984
E,1990,419,1983,3,1.05884,1985
E,1990,419,1983,4,0.54637,1986
E,1990,419,1983,5,0.7811,1987
E,1990,419,1983,6,1.27072,1988
E,1990,419,1983,7,1.44426,1989
E,1990,420,1983,1,1.63036,1983
E,1990,420,1983,2,1.34288,1984
E,1990,420,1983,3,1.18393,1985
E,1990,420,1983,4,0.858280000000001,1986
E,1990,420,1983,5,1.33843,1987
E,1990,420,1983,6,2.1003,1988
E,1990,420,1983,7,0.916810000000002,1989
